Date,Time,Block,Game No,Playing,Matchup,Game,Lane,Mental,Clear Time,Smites,Deaths,Learning Objectives,Key Takeaways,Block Takeaways
Wed 16/09/2026,5:23pm,1,1,Lee Sin,Vi,Loss,Neutral,Good,2:58,1,7,"• Ward river at 2:45
• Track the enemy jungler's first clear","• Contested grubs with no prio, lost both
• Died to the level 3 invade, ""again""","• Stop after two losses in a row"
Wed 16/09/2026,6:10pm,1,2,Viego,Nidalee,W,Win,Neutral,3:05,2,3,"• Ward river at 2:45
• Track the enemy jungler's first clear",• Took small win top and rotated,"• Stop after two losses in a row"
Thu 17/09/2026,19:02,2,1,Lee Sin,Graves,Loss,L,Bad,,,,"• Ward river at 2:45.
• Hold the wave before recalling","• Tilted after first death, played too aggressively
• Should have backed at 6 minutes",
Thu 17/09/2026,bad time,2,2,Viego,Vi,Win,Win,Good,2:55,1,2,,,
,,,,,,,,,,,,,,
